T0401	미상	미상	빈 양식
T0402	건설·인테리어·시설관리	현장관리·안전점검·정비	렌탈·설치 현장서비스 관리
T0403	미상	미상	빈 양식(콘텐츠)
T0404	미상	미상	빈 양식
T0405	병의원·약국·의료관광	의료기관 업무시스템	HL7·FHIR 연동 데몬
T0406	미상	유지보수·인프라·기술개선	사이트 4개 유지보수
T0407	부동산·주거	장비·IoT 연동·관제	아파트 BLE 출입
T0408	이커머스·온라인판매	기타(비개발)	검색 유입 시뮬레이션 봇
T0409	법률·세무·컨설팅	문서·업무 자동화(RPA)	전자계약 플랫폼
T0410	미상	미상	빈 양식
T0411	미상	기타(비개발)	홈페이지 디자인
T0412	행사·공연·웨딩·사진	서비스 매칭·중개 플랫폼	웨딩 사회자·촬영 매칭
T0413	공공기관·협회·국방	견적·계산 도구	입찰 사정률 예측(재제출)
T0414	금융·보험·핀테크	기타(비개발)	투자 앱 UX 기획
T0415	미상	미상	빈 양식(중개)
T0416	학교·공교육	LMS·교육 플랫폼	대학 언어학습 앱
T0417	미상	미상	간단 앱(내용 없음)
T0418	뷰티·미용	예약·예매 플랫폼	글로벌 미용 예약
T0419	마케팅·광고	멤버십·리워드·마케팅 도구	인플루언서 활동 리워드
T0420	미상	CRM·영업·상담관리	통합 리드 CRM
T0421	미상	미상	빈 양식
T0422	병의원·약국·의료관광	의료기관 업무시스템	건강검진 프로그램
T0423	마케팅·광고	CRM·영업·상담관리	TM 자동발신
T0424	헬스케어·돌봄·상담	장비·IoT 연동·관제	실버케어 웨어러블
T0425	미상	미상	빈 양식
T0426	마케팅·광고	AI 생성·변환 서비스	스레드 바이럴 분석·원고
T0427	피트니스·스포츠·골프	장비·IoT 연동·관제	실내 사이클 앱
T0428	미상	미상	빈 양식
T0429	외식·F&B	기타(비개발)	맛집 앱 개발자 구인
T0430	학원·과외·교육서비스	키오스크·무인매장 SW	스터디카페 키오스크·앱
T0431	미상	미상	빈 양식
T0432	미디어·콘텐츠·출판	멤버십·리워드·마케팅 도구	인스타 자동 게시
T0433	뷰티·미용	키오스크·무인매장 SW	시술 안내 키오스크
T0434	이커머스·온라인판매	주문수집·재고·물류 운영	중고책 판매 자동화
T0435	미상	미상	빈 양식
T0436	미상	미상	빈 양식
T0437	온라인교육·기업교육	유지보수·인프라·기술개선	브라우저 인코딩 엔진
T0438	피트니스·스포츠·골프	매장 운영·주문·POS	그룹운동 모니터링
T0439	반려동물	AI 챗봇·에이전트·지식검색	반려동물 AI 앱
T0440	미디어·콘텐츠·출판	AI 생성·변환 서비스	AI 오디오 믹싱
T0441	매장·프랜차이즈·무인점포	매장 운영·주문·POS	POS 영수증 후킹
T0442	물류·운송·모빌리티	기타(비개발)	FileMaker 서버 세팅
T0443	여행·숙박·레저·공간	정보 조회·알림 서비스	K-pop 성지 지도
T0444	미상	미상	빈 양식
T0445	미상	기타(비개발)	풀스택 상주 구인
T0446	건설·인테리어·시설관리	AI 챗봇·에이전트·지식검색	인테리어 AI 상담
T0447	미상	기타(비개발)	개발자 자기홍보
T0448	학원·과외·교육서비스	학원·교습소 운영관리	학원관리 앱
T0449	행사·공연·웨딩·사진	정보 조회·알림 서비스	전시장 실내측위 앱
T0450	물류·운송·모빌리티	금융·결제 서비스	교통카드 SDK 안정화
